{"0":false,"blogname":"CitiLights","noo_custom_favicon":"","noo_smooth_scrolling":true,"noo_site_layout":"fullwidth","noo_layout_site_width":"90","noo_layout_site_max_width":"1200","noo_layout_bg_color":"#ffffff","noo_layout_bg_image_sub_section":"","noo_layout_bg_image":"","noo_layout_bg_repeat":"no-repeat","noo_layout_bg_align":"left top","noo_layout_bg_attachment":"fixed","noo_layout_bg_cover":true,"noo_general_sub_section_links_color":"","noo_site_link_color":"#75b08a","noo_site_link_hover_color":"","noo_site_secondary_color":"#f0e797","noo_typo_use_custom_fonts":"","noo_typo_use_custom_fonts_color":"","noo_typo_sub_section_headings":"","noo_typo_headings_font":"Lato","noo_typo_headings_font_weight":"400","noo_typo_headings_font_style":"","noo_typo_headings_font_subset":"latin","noo_typo_headings_font_color":"#5f5f5f","noo_typo_headings_uppercase":"","noo_typo_sub_section_body":"","noo_typo_body_font":"Lato","noo_typo_body_font_weight":"400","noo_typo_body_font_style":"","noo_typo_body_font_subset":"latin","noo_typo_body_font_size":"16","noo_typo_body_font_color":"#5f5f5f","noo_header_sub_section_general":"","noo_header_bg_color":"","noo_header_sub_section_nav":"","noo_header_nav_position":"fixed_top","noo_header_nav_shrinkable":true,"noo_header_nav_smart_scroll":"","noo_header_nav_icon_search":false,"noo_header_nav_phone_number":"(+01)-793-7938","noo_header_nav_divider_2":"","noo_header_custom_nav_font":"","noo_header_nav_font":"Lato","noo_header_nav_font_weight":"400","noo_header_nav_font_style":"","noo_header_nav_font_subset":"latin","noo_header_nav_font_size":"14","noo_header_nav_link_color":"","noo_header_nav_link_hover_color":"","noo_header_nav_uppercase":"","noo_header_nav_divider_3":"","noo_header_nav_dropdown_custom":"","noo_header_nav_dropdown_bg_color":"#ffffff","noo_header_nav_dropdown_font_size":"14","noo_header_nav_dropdown_link_color":"","noo_header_nav_dropdown_link_hover_color":"","noo_header_sub_section_logo":"","noo_header_use_image_logo":false,"noo_header_logo_font":"Lato","noo_header_logo_font_weight":"400","noo_header_logo_font_style":"","noo_header_logo_font_subset":"latin","noo_header_logo_font_size":"30","noo_header_logo_font_color":"#444444","noo_header_logo_uppercase":true,"noo_header_logo_image":"","noo_header_logo_retina_image":"","noo_header_logo_image_height":"30","noo_header_sub_section_nav_floating":"","noo_header_sub_section_alignment":"","noo_header_nav_height":"70","noo_header_nav_link_spacing":"12","noo_header_nav_toggle_size":"25","noo_header_sub_section_top_bar":"","noo_header_top_bar":true,"noo_top_bar_social":"1","noo_top_bar":"html","noo_top_bar_social_layout":"content_right","noo_top_bar_layout":"content_left","noo_top_bar_content":"","noo_top_bar_email":"info@citilights.com","noo_top_bar_show_register":true,"noo_top_bar_register_page":"6841","noo_top_bar_show_login":"1","noo_top_bar_login_page":"6841","noo_footer_widgets":"4","noo_bottom_bar_logo_image":"","noo_bottom_bar_content":"\u00a9 2014 CitiLights. All Rights Reserved. <br\/><span>Powered by Wordpress<\/span>","noo_blog_sub_section_blog_page":"","noo_blog_layout":"sidebar","noo_blog_sidebar":"sidebar-main","noo_blog_divider_1":"","noo_blog_show_post_meta":1,"noo_blog_show_post_tag":1,"noo_blog_show_readmore":1,"noo_blog_excerpt_length":"60","noo_blog_sub_section_archive":"","noo_blog_archive_layout":"same_as_blog","noo_blog_archive_sidebar":"sidebar-main","noo_blog_sub_section_post":"","noo_blog_post_layout":"same_as_blog","noo_blog_post_sidebar":"sidebar-main","noo_blog_post_divider_1":"","noo_blog_post_show_post_meta":"1","noo_blog_post_show_post_tag":"1","noo_blog_post_author_bio":"1","noo_blog_post_divider_2":"","noo_blog_social":1,"noo_blog_social_title":"Share This Post","noo_blog_social_facebook":1,"noo_blog_social_twitter":1,"noo_blog_social_google":1,"noo_blog_social_pinterest":"","noo_blog_social_linkedin":"","noo_property_sub_section_agent_layout":"","noo_agent_layout":"sidebar","noo_agent_sidebar":"smk_sidebar_2131","noo_property_sub_section_general":"","noo_property_layout":"sidebar","noo_property_sidebar":"smk_sidebar_2131","noo_property_sub_section_listing":"","noo_property_listing_map":true,"noo_property_listing_map_layout":"vertical","noo_property_listing_layout":"grid","noo_property_sub_section_detail":"","noo_property_detail_map":false,"noo_property_detail_map_layout":"vertical","noo_social_facebook":"#","noo_social_twitter":"#","noo_social_google":"#","noo_social_pinterest":"#","noo_social_linkedin":"","noo_social_rss":"#","noo_social_youtube":"","noo_social_instagram":"","noo_custom_javascript":"","noo_custom_css":"","noo_tools_sub_section_import":"","noo_tools_import":"","noo_tools_sub_section_export":"","noo_tools_export":""}