<?xml version="1.0" encoding="UTF-8" ?>
<!-- This is a WordPress eXtended RSS file generated by WordPress as an export of your site. -->
<!-- It contains information about your site's posts, pages, comments, categories, and other content. -->
<!-- You may use this file to transfer that content from one site to another. -->
<!-- This file is not intended to serve as a complete backup of your site. -->

<!-- To import this information into a WordPress site follow these steps: -->
<!-- 1. Log in to that site as an administrator. -->
<!-- 2. Go to Tools: Import in the WordPress admin panel. -->
<!-- 3. Install the "WordPress" importer from the list. -->
<!-- 4. Activate & Run Importer. -->
<!-- 5. Upload this file using the form provided on that page. -->
<!-- 6. You will first be asked to map the authors in this export file to users -->
<!--    on the site. For each author, you may choose to map to an -->
<!--    existing user on the site or to create a new user. -->
<!-- 7. WordPress will then import each of the posts, pages, comments, categories, etc. -->
<!--    contained in this file into your site. -->

<!-- generator="WordPress/4.0" created="2014-11-05 08:22" -->
<rss version="2.0"
	xmlns:excerpt="http://wordpress.org/export/1.2/excerpt/"
	xmlns:content="http://purl.org/rss/1.0/modules/content/"
	xmlns:wfw="http://wellformedweb.org/CommentAPI/"
	xmlns:dc="http://purl.org/dc/elements/1.1/"
	xmlns:wp="http://wordpress.org/export/1.2/"
>

<channel>
	<title>CitiLights</title>
	<link>http://wp.nootheme.com/citilights/dummy</link>
	<description>Just another WordPress site</description>
	<pubDate>Wed, 05 Nov 2014 08:22:45 +0000</pubDate>
	<language>en-US</language>
	<wp:wxr_version>1.2</wp:wxr_version>
	<wp:base_site_url>http://wp.nootheme.com/citilights/dummy</wp:base_site_url>
	<wp:base_blog_url>http://wp.nootheme.com/citilights/dummy</wp:base_blog_url>

	<wp:author><wp:author_id>1</wp:author_id><wp:author_login>admin</wp:author_login><wp:author_email>admin@email.com</wp:author_email><wp:author_display_name><![CDATA[admin]]></wp:author_display_name><wp:author_first_name><![CDATA[]]></wp:author_first_name><wp:author_last_name><![CDATA[]]></wp:author_last_name></wp:author>

	<wp:category><wp:term_id>2</wp:term_id><wp:category_nicename>alignment</wp:category_nicename><wp:category_parent></wp:category_parent><wp:cat_name><![CDATA[Alignment]]></wp:cat_name><wp:category_description><![CDATA[Posts in this category test image and text alignment.]]></wp:category_description></wp:category>
	<wp:category><wp:term_id>3</wp:term_id><wp:category_nicename>post-format-aside</wp:category_nicename><wp:category_parent></wp:category_parent><wp:cat_name><![CDATA[Aside]]></wp:cat_name><wp:category_description><![CDATA[Posts in this category test the aside post format.]]></wp:category_description></wp:category>
	<wp:category><wp:term_id>4</wp:term_id><wp:category_nicename>post-format-audio</wp:category_nicename><wp:category_parent></wp:category_parent><wp:cat_name><![CDATA[Audio]]></wp:cat_name><wp:category_description><![CDATA[Posts in this category test the audio post format.]]></wp:category_description></wp:category>
	<wp:category><wp:term_id>5</wp:term_id><wp:category_nicename>blog</wp:category_nicename><wp:category_parent></wp:category_parent><wp:cat_name><![CDATA[Blog]]></wp:cat_name></wp:category>
	<wp:category><wp:term_id>6</wp:term_id><wp:category_nicename>captions</wp:category_nicename><wp:category_parent></wp:category_parent><wp:cat_name><![CDATA[Captions]]></wp:cat_name><wp:category_description><![CDATA[Posts in this category test image captions.]]></wp:category_description></wp:category>
	<wp:category><wp:term_id>7</wp:term_id><wp:category_nicename>post-format-chat</wp:category_nicename><wp:category_parent></wp:category_parent><wp:cat_name><![CDATA[Chat]]></wp:cat_name><wp:category_description><![CDATA[Posts in this category test the chat post format.]]></wp:category_description></wp:category>
	<wp:category><wp:term_id>8</wp:term_id><wp:category_nicename>codex</wp:category_nicename><wp:category_parent></wp:category_parent><wp:cat_name><![CDATA[Codex]]></wp:cat_name><wp:category_description><![CDATA[Posts in this category contain Codex references.]]></wp:category_description></wp:category>
	<wp:category><wp:term_id>9</wp:term_id><wp:category_nicename>comments</wp:category_nicename><wp:category_parent></wp:category_parent><wp:cat_name><![CDATA[Comments]]></wp:cat_name><wp:category_description><![CDATA[Posts in this category test comments.]]></wp:category_description></wp:category>
	<wp:category><wp:term_id>10</wp:term_id><wp:category_nicename>content</wp:category_nicename><wp:category_parent></wp:category_parent><wp:cat_name><![CDATA[Content]]></wp:cat_name><wp:category_description><![CDATA[Posts in this category test post content.]]></wp:category_description></wp:category>
	<wp:category><wp:term_id>11</wp:term_id><wp:category_nicename>corner-case</wp:category_nicename><wp:category_parent></wp:category_parent><wp:cat_name><![CDATA[Corner Case]]></wp:cat_name><wp:category_description><![CDATA[Posts in this category test odd corner cases, using uncovered by rare user workflows.]]></wp:category_description></wp:category>
	<wp:category><wp:term_id>12</wp:term_id><wp:category_nicename>dining</wp:category_nicename><wp:category_parent></wp:category_parent><wp:cat_name><![CDATA[Dining]]></wp:cat_name></wp:category>
	<wp:category><wp:term_id>13</wp:term_id><wp:category_nicename>embeds</wp:category_nicename><wp:category_parent></wp:category_parent><wp:cat_name><![CDATA[Embeds]]></wp:cat_name><wp:category_description><![CDATA[Posts in this category test various embed codes.]]></wp:category_description></wp:category>
	<wp:category><wp:term_id>14</wp:term_id><wp:category_nicename>excerpt</wp:category_nicename><wp:category_parent></wp:category_parent><wp:cat_name><![CDATA[Excerpt]]></wp:cat_name><wp:category_description><![CDATA[Posts in this category test post excerpts.]]></wp:category_description></wp:category>
	<wp:category><wp:term_id>72</wp:term_id><wp:category_nicename>fafaaf</wp:category_nicename><wp:category_parent></wp:category_parent><wp:cat_name><![CDATA[fafaaf]]></wp:cat_name></wp:category>
	<wp:category><wp:term_id>15</wp:term_id><wp:category_nicename>fashion</wp:category_nicename><wp:category_parent></wp:category_parent><wp:cat_name><![CDATA[Fashion]]></wp:cat_name></wp:category>
	<wp:category><wp:term_id>16</wp:term_id><wp:category_nicename>featured-images</wp:category_nicename><wp:category_parent></wp:category_parent><wp:cat_name><![CDATA[Featured Images]]></wp:cat_name><wp:category_description><![CDATA[Posts in this category test featured images.]]></wp:category_description></wp:category>
	<wp:category><wp:term_id>17</wp:term_id><wp:category_nicename>food</wp:category_nicename><wp:category_parent></wp:category_parent><wp:cat_name><![CDATA[Food]]></wp:cat_name></wp:category>
	<wp:category><wp:term_id>18</wp:term_id><wp:category_nicename>formatting</wp:category_nicename><wp:category_parent></wp:category_parent><wp:cat_name><![CDATA[Formatting]]></wp:cat_name><wp:category_description><![CDATA[Posts in this category test various formatting scenarios.]]></wp:category_description></wp:category>
	<wp:category><wp:term_id>19</wp:term_id><wp:category_nicename>post-format-gallery</wp:category_nicename><wp:category_parent></wp:category_parent><wp:cat_name><![CDATA[Gallery]]></wp:cat_name><wp:category_description><![CDATA[Posts in this category test the gallery post format.]]></wp:category_description></wp:category>
	<wp:category><wp:term_id>20</wp:term_id><wp:category_nicename>game</wp:category_nicename><wp:category_parent></wp:category_parent><wp:cat_name><![CDATA[Game]]></wp:cat_name></wp:category>
	<wp:category><wp:term_id>21</wp:term_id><wp:category_nicename>images</wp:category_nicename><wp:category_parent></wp:category_parent><wp:cat_name><![CDATA[Images]]></wp:cat_name><wp:category_description><![CDATA[Posts in this category test images in various ways.]]></wp:category_description></wp:category>
	<wp:category><wp:term_id>22</wp:term_id><wp:category_nicename>jetpack</wp:category_nicename><wp:category_parent></wp:category_parent><wp:cat_name><![CDATA[Jetpack]]></wp:cat_name><wp:category_description><![CDATA[Posts in this category test Jetpack features.]]></wp:category_description></wp:category>
	<wp:category><wp:term_id>23</wp:term_id><wp:category_nicename>post-format-link</wp:category_nicename><wp:category_parent></wp:category_parent><wp:cat_name><![CDATA[Link]]></wp:cat_name><wp:category_description><![CDATA[Posts in this category test the link post format.]]></wp:category_description></wp:category>
	<wp:category><wp:term_id>24</wp:term_id><wp:category_nicename>lists</wp:category_nicename><wp:category_parent></wp:category_parent><wp:cat_name><![CDATA[Lists]]></wp:cat_name><wp:category_description><![CDATA[Posts in this category test various list scenarios.]]></wp:category_description></wp:category>
	<wp:category><wp:term_id>25</wp:term_id><wp:category_nicename>markup</wp:category_nicename><wp:category_parent></wp:category_parent><wp:cat_name><![CDATA[Markup]]></wp:cat_name><wp:category_description><![CDATA[Posts in this category test markup tags and styles.]]></wp:category_description></wp:category>
	<wp:category><wp:term_id>26</wp:term_id><wp:category_nicename>more-tag</wp:category_nicename><wp:category_parent></wp:category_parent><wp:cat_name><![CDATA[More Tag]]></wp:cat_name><wp:category_description><![CDATA[Posts in this category test the more tag feature.]]></wp:category_description></wp:category>
	<wp:category><wp:term_id>27</wp:term_id><wp:category_nicename>music</wp:category_nicename><wp:category_parent></wp:category_parent><wp:cat_name><![CDATA[Music]]></wp:cat_name></wp:category>
	<wp:category><wp:term_id>28</wp:term_id><wp:category_nicename>parent-category</wp:category_nicename><wp:category_parent></wp:category_parent><wp:cat_name><![CDATA[Parent Category]]></wp:cat_name><wp:category_description><![CDATA[This is a parent category. It will contain child categories]]></wp:category_description></wp:category>
	<wp:category><wp:term_id>29</wp:term_id><wp:category_nicename>password</wp:category_nicename><wp:category_parent></wp:category_parent><wp:cat_name><![CDATA[Password]]></wp:cat_name><wp:category_description><![CDATA[Posts in this category test the post password feature.]]></wp:category_description></wp:category>
	<wp:category><wp:term_id>30</wp:term_id><wp:category_nicename>pingbacks</wp:category_nicename><wp:category_parent></wp:category_parent><wp:cat_name><![CDATA[Pingbacks]]></wp:cat_name><wp:category_description><![CDATA[Posts in this category test pingbacks.]]></wp:category_description></wp:category>
	<wp:category><wp:term_id>31</wp:term_id><wp:category_nicename>post-formats</wp:category_nicename><wp:category_parent></wp:category_parent><wp:cat_name><![CDATA[Post Formats]]></wp:cat_name><wp:category_description><![CDATA[Posts in this category test post formats.]]></wp:category_description></wp:category>
	<wp:category><wp:term_id>32</wp:term_id><wp:category_nicename>post-format-quote</wp:category_nicename><wp:category_parent></wp:category_parent><wp:cat_name><![CDATA[Quote]]></wp:cat_name><wp:category_description><![CDATA[Posts in this category test the quote post format.]]></wp:category_description></wp:category>
	<wp:category><wp:term_id>33</wp:term_id><wp:category_nicename>shortcodes</wp:category_nicename><wp:category_parent></wp:category_parent><wp:cat_name><![CDATA[Shortcodes]]></wp:cat_name><wp:category_description><![CDATA[Posts in this category test various shortcodes.]]></wp:category_description></wp:category>
	<wp:category><wp:term_id>34</wp:term_id><wp:category_nicename>standard</wp:category_nicename><wp:category_parent></wp:category_parent><wp:cat_name><![CDATA[Standard]]></wp:cat_name><wp:category_description><![CDATA[Posts in this category test the standard post format.]]></wp:category_description></wp:category>
	<wp:category><wp:term_id>35</wp:term_id><wp:category_nicename>post-format-status</wp:category_nicename><wp:category_parent></wp:category_parent><wp:cat_name><![CDATA[Status]]></wp:cat_name><wp:category_description><![CDATA[Posts in this category test the status post format.]]></wp:category_description></wp:category>
	<wp:category><wp:term_id>36</wp:term_id><wp:category_nicename>sticky</wp:category_nicename><wp:category_parent></wp:category_parent><wp:cat_name><![CDATA[Sticky]]></wp:cat_name></wp:category>
	<wp:category><wp:term_id>37</wp:term_id><wp:category_nicename>titles</wp:category_nicename><wp:category_parent></wp:category_parent><wp:cat_name><![CDATA[Titles]]></wp:cat_name><wp:category_description><![CDATA[Posts in this category test post title scenarios.]]></wp:category_description></wp:category>
	<wp:category><wp:term_id>38</wp:term_id><wp:category_nicename>trackbacks</wp:category_nicename><wp:category_parent></wp:category_parent><wp:cat_name><![CDATA[Trackbacks]]></wp:cat_name><wp:category_description><![CDATA[Posts in this category test trackbacks.]]></wp:category_description></wp:category>
	<wp:category><wp:term_id>39</wp:term_id><wp:category_nicename>twitter</wp:category_nicename><wp:category_parent></wp:category_parent><wp:cat_name><![CDATA[Twitter]]></wp:cat_name><wp:category_description><![CDATA[Posts in this category test various Twitter features.]]></wp:category_description></wp:category>
	<wp:category><wp:term_id>1</wp:term_id><wp:category_nicename>uncategorized</wp:category_nicename><wp:category_parent></wp:category_parent><wp:cat_name><![CDATA[Uncategorized]]></wp:cat_name></wp:category>
	<wp:category><wp:term_id>40</wp:term_id><wp:category_nicename>unpublished</wp:category_nicename><wp:category_parent></wp:category_parent><wp:cat_name><![CDATA[Unpublished]]></wp:cat_name><wp:category_description><![CDATA[Posts in this category test unpublished posts.]]></wp:category_description></wp:category>
	<wp:category><wp:term_id>41</wp:term_id><wp:category_nicename>post-format-video</wp:category_nicename><wp:category_parent></wp:category_parent><wp:cat_name><![CDATA[Video]]></wp:cat_name><wp:category_description><![CDATA[Posts in this category test the video post format.]]></wp:category_description></wp:category>
	<wp:category><wp:term_id>42</wp:term_id><wp:category_nicename>videopress</wp:category_nicename><wp:category_parent></wp:category_parent><wp:cat_name><![CDATA[VideoPress]]></wp:cat_name><wp:category_description><![CDATA[Posts in this category test VideoPress features.]]></wp:category_description></wp:category>
	<wp:category><wp:term_id>43</wp:term_id><wp:category_nicename>child-category-01</wp:category_nicename><wp:category_parent>parent-category</wp:category_parent><wp:cat_name><![CDATA[Child Category 01]]></wp:cat_name><wp:category_description><![CDATA[This is a description for the Child Category 01.]]></wp:category_description></wp:category>
	<wp:category><wp:term_id>44</wp:term_id><wp:category_nicename>child-category-02</wp:category_nicename><wp:category_parent>parent-category</wp:category_parent><wp:cat_name><![CDATA[Child Category 02]]></wp:cat_name><wp:category_description><![CDATA[This is a description for the Child Category 02.]]></wp:category_description></wp:category>
	<wp:category><wp:term_id>45</wp:term_id><wp:category_nicename>child-category-03</wp:category_nicename><wp:category_parent>parent-category</wp:category_parent><wp:cat_name><![CDATA[Child Category 03]]></wp:cat_name><wp:category_description><![CDATA[This is a description for the Child Category 03.]]></wp:category_description></wp:category>
	<wp:category><wp:term_id>46</wp:term_id><wp:category_nicename>child-category-04</wp:category_nicename><wp:category_parent>parent-category</wp:category_parent><wp:cat_name><![CDATA[Child Category 04]]></wp:cat_name><wp:category_description><![CDATA[This is a description for the Child Category 04.]]></wp:category_description></wp:category>
	<wp:category><wp:term_id>47</wp:term_id><wp:category_nicename>child-category-05</wp:category_nicename><wp:category_parent>parent-category</wp:category_parent><wp:cat_name><![CDATA[Child Category 05]]></wp:cat_name><wp:category_description><![CDATA[This is a description for the Child Category 05.]]></wp:category_description></wp:category>
	<wp:category><wp:term_id>48</wp:term_id><wp:category_nicename>grandchild-category</wp:category_nicename><wp:category_parent>child-category-03</wp:category_parent><wp:cat_name><![CDATA[Grandchild Category]]></wp:cat_name><wp:category_description><![CDATA[This is a description for the Grandchild Category.]]></wp:category_description></wp:category>
	<wp:tag><wp:term_id>49</wp:term_id><wp:tag_slug>8bit</wp:tag_slug><wp:tag_name><![CDATA[8BIT]]></wp:tag_name><wp:tag_description><![CDATA[Tags posts about 8BIT.]]></wp:tag_description></wp:tag>
	<wp:tag><wp:term_id>50</wp:term_id><wp:tag_slug>articles</wp:tag_slug><wp:tag_name><![CDATA[Articles]]></wp:tag_name><wp:tag_description><![CDATA[Tags posts about Articles.]]></wp:tag_description></wp:tag>
	<wp:tag><wp:term_id>51</wp:term_id><wp:tag_slug>dowork</wp:tag_slug><wp:tag_name><![CDATA[dowork]]></wp:tag_name><wp:tag_description><![CDATA[Tags posts about #dowork.]]></wp:tag_description></wp:tag>
	<wp:tag><wp:term_id>52</wp:term_id><wp:tag_slug>fail</wp:tag_slug><wp:tag_name><![CDATA[Fail]]></wp:tag_name><wp:tag_description><![CDATA[Tags posts about fail.]]></wp:tag_description></wp:tag>
	<wp:tag><wp:term_id>85</wp:term_id><wp:tag_slug>family-living</wp:tag_slug><wp:tag_name><![CDATA[family living]]></wp:tag_name></wp:tag>
	<wp:tag><wp:term_id>53</wp:term_id><wp:tag_slug>ftw</wp:tag_slug><wp:tag_name><![CDATA[FTW]]></wp:tag_name></wp:tag>
	<wp:tag><wp:term_id>54</wp:term_id><wp:tag_slug>fun</wp:tag_slug><wp:tag_name><![CDATA[Fun]]></wp:tag_name><wp:tag_description><![CDATA[Tags posts about fun.]]></wp:tag_description></wp:tag>
	<wp:tag><wp:term_id>84</wp:term_id><wp:tag_slug>furniture</wp:tag_slug><wp:tag_name><![CDATA[furniture]]></wp:tag_name></wp:tag>
	<wp:tag><wp:term_id>83</wp:term_id><wp:tag_slug>home-staging</wp:tag_slug><wp:tag_name><![CDATA[home staging]]></wp:tag_name></wp:tag>
	<wp:tag><wp:term_id>86</wp:term_id><wp:tag_slug>interior-design</wp:tag_slug><wp:tag_name><![CDATA[interior design]]></wp:tag_name></wp:tag>
	<wp:tag><wp:term_id>55</wp:term_id><wp:tag_slug>love</wp:tag_slug><wp:tag_name><![CDATA[Love]]></wp:tag_name><wp:tag_description><![CDATA[Tags posts about love.]]></wp:tag_description></wp:tag>
	<wp:tag><wp:term_id>56</wp:term_id><wp:tag_slug>mothership</wp:tag_slug><wp:tag_name><![CDATA[Mothership]]></wp:tag_name><wp:tag_description><![CDATA[Tags posts about motherships.]]></wp:tag_description></wp:tag>
	<wp:tag><wp:term_id>57</wp:term_id><wp:tag_slug>mustread</wp:tag_slug><wp:tag_name><![CDATA[Must Read]]></wp:tag_name><wp:tag_description><![CDATA[Tags posts about articles you must read.]]></wp:tag_description></wp:tag>
	<wp:tag><wp:term_id>58</wp:term_id><wp:tag_slug>nailedit</wp:tag_slug><wp:tag_name><![CDATA[Nailed It]]></wp:tag_name><wp:tag_description><![CDATA[Tags posts about that nailed it.]]></wp:tag_description></wp:tag>
	<wp:tag><wp:term_id>59</wp:term_id><wp:tag_slug>pictures</wp:tag_slug><wp:tag_name><![CDATA[Pictures]]></wp:tag_name></wp:tag>
	<wp:tag><wp:term_id>60</wp:term_id><wp:tag_slug>success</wp:tag_slug><wp:tag_name><![CDATA[Success]]></wp:tag_name><wp:tag_description><![CDATA[Tags posts about success.]]></wp:tag_description></wp:tag>
	<wp:tag><wp:term_id>61</wp:term_id><wp:tag_slug>swagger</wp:tag_slug><wp:tag_name><![CDATA[Swagger]]></wp:tag_name><wp:tag_description><![CDATA[Tags posts about swagger.]]></wp:tag_description></wp:tag>
	<wp:tag><wp:term_id>62</wp:term_id><wp:tag_slug>tags</wp:tag_slug><wp:tag_name><![CDATA[Tags]]></wp:tag_name><wp:tag_description><![CDATA[Tags posts about tags. #inception]]></wp:tag_description></wp:tag>
	<wp:tag><wp:term_id>63</wp:term_id><wp:tag_slug>unseen</wp:tag_slug><wp:tag_name><![CDATA[Unseen]]></wp:tag_name><wp:tag_description><![CDATA[Tags posts about things that cannot be unseen.]]></wp:tag_description></wp:tag>
	<wp:tag><wp:term_id>64</wp:term_id><wp:tag_slug>wordpress</wp:tag_slug><wp:tag_name><![CDATA[WordPress]]></wp:tag_name><wp:tag_description><![CDATA[Tags posts about WordPress.]]></wp:tag_description></wp:tag>
	<wp:term><wp:term_id>106</wp:term_id><wp:term_taxonomy>property_category</wp:term_taxonomy><wp:term_slug>apartment</wp:term_slug><wp:term_parent></wp:term_parent><wp:term_name><![CDATA[Apartment]]></wp:term_name></wp:term>
	<wp:term><wp:term_id>80</wp:term_id><wp:term_taxonomy>property_sub_location</wp:term_taxonomy><wp:term_slug>central-new-york-2</wp:term_slug><wp:term_parent></wp:term_parent><wp:term_name><![CDATA[Central New York]]></wp:term_name></wp:term>
	<wp:term><wp:term_id>67</wp:term_id><wp:term_taxonomy>property_category</wp:term_taxonomy><wp:term_slug>coop</wp:term_slug><wp:term_parent></wp:term_parent><wp:term_name><![CDATA[Co-op]]></wp:term_name></wp:term>
	<wp:term><wp:term_id>103</wp:term_id><wp:term_taxonomy>property_sub_location</wp:term_taxonomy><wp:term_slug>coastal-california</wp:term_slug><wp:term_parent></wp:term_parent><wp:term_name><![CDATA[Coastal California]]></wp:term_name></wp:term>
	<wp:term><wp:term_id>89</wp:term_id><wp:term_taxonomy>property_category</wp:term_taxonomy><wp:term_slug>condo</wp:term_slug><wp:term_parent></wp:term_parent><wp:term_name><![CDATA[Condo]]></wp:term_name></wp:term>
	<wp:term><wp:term_id>105</wp:term_id><wp:term_taxonomy>property_location</wp:term_taxonomy><wp:term_slug>florida</wp:term_slug><wp:term_parent></wp:term_parent><wp:term_name><![CDATA[Florida]]></wp:term_name></wp:term>
	<wp:term><wp:term_id>109</wp:term_id><wp:term_taxonomy>property_label</wp:term_taxonomy><wp:term_slug>hot</wp:term_slug><wp:term_parent></wp:term_parent><wp:term_name><![CDATA[Hot]]></wp:term_name></wp:term>
	<wp:term><wp:term_id>99</wp:term_id><wp:term_taxonomy>property_sub_location</wp:term_taxonomy><wp:term_slug>long-island</wp:term_slug><wp:term_parent></wp:term_parent><wp:term_name><![CDATA[Long Island]]></wp:term_name></wp:term>
	<wp:term><wp:term_id>108</wp:term_id><wp:term_taxonomy>property_label</wp:term_taxonomy><wp:term_slug>new</wp:term_slug><wp:term_parent></wp:term_parent><wp:term_name><![CDATA[New]]></wp:term_name></wp:term>
	<wp:term><wp:term_id>101</wp:term_id><wp:term_taxonomy>property_location</wp:term_taxonomy><wp:term_slug>california</wp:term_slug><wp:term_parent></wp:term_parent><wp:term_name><![CDATA[New Jersey]]></wp:term_name></wp:term>
	<wp:term><wp:term_id>81</wp:term_id><wp:term_taxonomy>property_location</wp:term_taxonomy><wp:term_slug>new-york-3</wp:term_slug><wp:term_parent></wp:term_parent><wp:term_name><![CDATA[New York]]></wp:term_name></wp:term>
	<wp:term><wp:term_id>76</wp:term_id><wp:term_taxonomy>property_sub_location</wp:term_taxonomy><wp:term_slug>new-york-city</wp:term_slug><wp:term_parent></wp:term_parent><wp:term_name><![CDATA[New York City]]></wp:term_name></wp:term>
	<wp:term><wp:term_id>104</wp:term_id><wp:term_taxonomy>property_sub_location</wp:term_taxonomy><wp:term_slug>northern-california</wp:term_slug><wp:term_parent></wp:term_parent><wp:term_name><![CDATA[Northern California]]></wp:term_name></wp:term>
	<wp:term><wp:term_id>90</wp:term_id><wp:term_taxonomy>property_status</wp:term_taxonomy><wp:term_slug>open-house</wp:term_slug><wp:term_parent></wp:term_parent><wp:term_name><![CDATA[Open house]]></wp:term_name></wp:term>
	<wp:term><wp:term_id>78</wp:term_id><wp:term_taxonomy>property_status</wp:term_taxonomy><wp:term_slug>rents</wp:term_slug><wp:term_parent></wp:term_parent><wp:term_name><![CDATA[Rent]]></wp:term_name></wp:term>
	<wp:term><wp:term_id>68</wp:term_id><wp:term_taxonomy>property_status</wp:term_taxonomy><wp:term_slug>sales</wp:term_slug><wp:term_parent></wp:term_parent><wp:term_name><![CDATA[Sale]]></wp:term_name></wp:term>
	<wp:term><wp:term_id>102</wp:term_id><wp:term_taxonomy>property_category</wp:term_taxonomy><wp:term_slug>single-family-home</wp:term_slug><wp:term_parent></wp:term_parent><wp:term_name><![CDATA[Single Family Home]]></wp:term_name></wp:term>
	<wp:term><wp:term_id>115</wp:term_id><wp:term_taxonomy>property_status</wp:term_taxonomy><wp:term_slug>sold</wp:term_slug><wp:term_parent></wp:term_parent><wp:term_name><![CDATA[Sold]]></wp:term_name></wp:term>
	<wp:term><wp:term_id>66</wp:term_id><wp:term_taxonomy>nav_menu</wp:term_taxonomy><wp:term_slug>main-menu</wp:term_slug><wp:term_name><![CDATA[Main Menu]]></wp:term_name></wp:term>

	<generator>http://wordpress.org/?v=4.0</generator>

	<item>
				<title>marker-icon</title>
		<link>http://wp.nootheme.com/citilights/dummy/?attachment_id=6335</link>
		<pubDate>Thu, 25 Sep 2014 07:34:55 +0000</pubDate>
		<dc:creator><![CDATA[admin]]></dc:creator>
		<guid isPermaLink="false">http://wp.nootheme.com/citilights/dummy/wp-content/uploads/2014/09/marker-icon.png</guid>
		<description></description>
		<content:encoded><![CDATA[]]></content:encoded>
		<excerpt:encoded><![CDATA[]]></excerpt:encoded>
		<wp:post_id>6335</wp:post_id>
		<wp:post_date>2014-09-25 07:34:55</wp:post_date>
		<wp:post_date_gmt>2014-09-25 07:34:55</wp:post_date_gmt>
		<wp:comment_status>open</wp:comment_status>
		<wp:ping_status>open</wp:ping_status>
		<wp:post_name>marker-icon</wp:post_name>
		<wp:status>inherit</wp:status>
		<wp:post_parent>0</wp:post_parent>
		<wp:menu_order>0</wp:menu_order>
		<wp:post_type>attachment</wp:post_type>
		<wp:post_password></wp:post_password>
		<wp:is_sticky>0</wp:is_sticky>
		<wp:attachment_url>http://wp.nootheme.com/citilights/dummy/wp-content/uploads/2014/09/marker-icon.png</wp:attachment_url>
		<wp:postmeta>
			<wp:meta_key>_wp_attached_file</wp:meta_key>
			<wp:meta_value><![CDATA[2014/09/marker-icon.png]]></wp:meta_value>
		</wp:postmeta>
		<wp:postmeta>
			<wp:meta_key>_wp_attachment_metadata</wp:meta_key>
			<wp:meta_value><![CDATA[a:5:{s:5:"width";i:77;s:6:"height";i:83;s:4:"file";s:23:"2014/09/marker-icon.png";s:5:"sizes";a:0:{}s:10:"image_meta";a:11:{s:8:"aperture";i:0;s:6:"credit";s:0:"";s:6:"camera";s:0:"";s:7:"caption";s:0:"";s:17:"created_timestamp";i:0;s:9:"copyright";s:0:"";s:12:"focal_length";i:0;s:3:"iso";i:0;s:13:"shutter_speed";i:0;s:5:"title";s:0:"";s:11:"orientation";i:0;}}]]></wp:meta_value>
		</wp:postmeta>
	</item>
	<item>
				<title>bg-home-services</title>
		<link>http://wp.nootheme.com/citilights/dummy/home-realty/bg-home-services/</link>
		<pubDate>Mon, 29 Sep 2014 03:53:35 +0000</pubDate>
		<dc:creator><![CDATA[admin]]></dc:creator>
		<guid isPermaLink="false">http://wp.nootheme.com/citilights/dummy/wp-content/uploads/2014/09/bg-home-services1.jpg</guid>
		<description></description>
		<content:encoded><![CDATA[]]></content:encoded>
		<excerpt:encoded><![CDATA[]]></excerpt:encoded>
		<wp:post_id>6431</wp:post_id>
		<wp:post_date>2014-09-29 03:53:35</wp:post_date>
		<wp:post_date_gmt>2014-09-29 03:53:35</wp:post_date_gmt>
		<wp:comment_status>open</wp:comment_status>
		<wp:ping_status>open</wp:ping_status>
		<wp:post_name>bg-home-services</wp:post_name>
		<wp:status>inherit</wp:status>
		<wp:post_parent>6403</wp:post_parent>
		<wp:menu_order>0</wp:menu_order>
		<wp:post_type>attachment</wp:post_type>
		<wp:post_password></wp:post_password>
		<wp:is_sticky>0</wp:is_sticky>
		<wp:attachment_url>http://wp.nootheme.com/citilights/dummy/wp-content/uploads/2014/09/bg-home-services1.jpg</wp:attachment_url>
		<wp:postmeta>
			<wp:meta_key>_wp_attached_file</wp:meta_key>
			<wp:meta_value><![CDATA[2014/09/bg-home-services1.jpg]]></wp:meta_value>
		</wp:postmeta>
		<wp:postmeta>
			<wp:meta_key>_wp_attachment_metadata</wp:meta_key>
			<wp:meta_value><![CDATA[a:5:{s:5:"width";i:1920;s:6:"height";i:1440;s:4:"file";s:29:"2014/09/bg-home-services1.jpg";s:5:"sizes";a:8:{s:9:"thumbnail";a:4:{s:4:"file";s:29:"bg-home-services1-370x300.jpg";s:5:"width";i:370;s:6:"height";i:300;s:9:"mime-type";s:10:"image/jpeg";}s:6:"medium";a:4:{s:4:"file";s:29:"bg-home-services1-600x450.jpg";s:5:"width";i:600;s:6:"height";i:450;s:9:"mime-type";s:10:"image/jpeg";}s:5:"large";a:4:{s:4:"file";s:29:"bg-home-services1-666x500.jpg";s:5:"width";i:666;s:6:"height";i:500;s:9:"mime-type";s:10:"image/jpeg";}s:14:"property-thumb";a:4:{s:4:"file";s:29:"bg-home-services1-370x300.jpg";s:5:"width";i:370;s:6:"height";i:300;s:9:"mime-type";s:10:"image/jpeg";}s:14:"property-image";a:4:{s:4:"file";s:29:"bg-home-services1-800x450.jpg";s:5:"width";i:800;s:6:"height";i:450;s:9:"mime-type";s:10:"image/jpeg";}s:16:"property-infobox";a:4:{s:4:"file";s:29:"bg-home-services1-190x160.jpg";s:5:"width";i:190;s:6:"height";i:160;s:9:"mime-type";s:10:"image/jpeg";}s:15:"property-slider";a:4:{s:4:"file";s:30:"bg-home-services1-1170x700.jpg";s:5:"width";i:1170;s:6:"height";i:700;s:9:"mime-type";s:10:"image/jpeg";}s:11:"agent-thumb";a:4:{s:4:"file";s:29:"bg-home-services1-171x233.jpg";s:5:"width";i:171;s:6:"height";i:233;s:9:"mime-type";s:10:"image/jpeg";}}s:10:"image_meta";a:11:{s:8:"aperture";i:0;s:6:"credit";s:0:"";s:6:"camera";s:0:"";s:7:"caption";s:0:"";s:17:"created_timestamp";i:0;s:9:"copyright";s:0:"";s:12:"focal_length";i:0;s:3:"iso";i:0;s:13:"shutter_speed";i:0;s:5:"title";s:0:"";s:11:"orientation";i:0;}}]]></wp:meta_value>
		</wp:postmeta>
	</item>
	<item>
				<title>marker-icon-apartment</title>
		<link>http://wp.nootheme.com/citilights/dummy/?attachment_id=6438</link>
		<pubDate>Mon, 29 Sep 2014 04:36:52 +0000</pubDate>
		<dc:creator><![CDATA[admin]]></dc:creator>
		<guid isPermaLink="false">http://wp.nootheme.com/citilights/dummy/wp-content/uploads/2014/09/marker-icon-apartment.png</guid>
		<description></description>
		<content:encoded><![CDATA[]]></content:encoded>
		<excerpt:encoded><![CDATA[]]></excerpt:encoded>
		<wp:post_id>6438</wp:post_id>
		<wp:post_date>2014-09-29 04:36:52</wp:post_date>
		<wp:post_date_gmt>2014-09-29 04:36:52</wp:post_date_gmt>
		<wp:comment_status>open</wp:comment_status>
		<wp:ping_status>open</wp:ping_status>
		<wp:post_name>marker-icon-apartment</wp:post_name>
		<wp:status>inherit</wp:status>
		<wp:post_parent>0</wp:post_parent>
		<wp:menu_order>0</wp:menu_order>
		<wp:post_type>attachment</wp:post_type>
		<wp:post_password></wp:post_password>
		<wp:is_sticky>0</wp:is_sticky>
		<wp:attachment_url>http://wp.nootheme.com/citilights/dummy/wp-content/uploads/2014/09/marker-icon-apartment.png</wp:attachment_url>
		<wp:postmeta>
			<wp:meta_key>_wp_attached_file</wp:meta_key>
			<wp:meta_value><![CDATA[2014/09/marker-icon-apartment.png]]></wp:meta_value>
		</wp:postmeta>
		<wp:postmeta>
			<wp:meta_key>_wp_attachment_metadata</wp:meta_key>
			<wp:meta_value><![CDATA[a:5:{s:5:"width";i:77;s:6:"height";i:83;s:4:"file";s:33:"2014/09/marker-icon-apartment.png";s:5:"sizes";a:0:{}s:10:"image_meta";a:11:{s:8:"aperture";i:0;s:6:"credit";s:0:"";s:6:"camera";s:0:"";s:7:"caption";s:0:"";s:17:"created_timestamp";i:0;s:9:"copyright";s:0:"";s:12:"focal_length";i:0;s:3:"iso";i:0;s:13:"shutter_speed";i:0;s:5:"title";s:0:"";s:11:"orientation";i:0;}}]]></wp:meta_value>
		</wp:postmeta>
	</item>
	<item>
				<title>marker-icon-condo</title>
		<link>http://wp.nootheme.com/citilights/dummy/?attachment_id=6439</link>
		<pubDate>Mon, 29 Sep 2014 04:55:30 +0000</pubDate>
		<dc:creator><![CDATA[admin]]></dc:creator>
		<guid isPermaLink="false">http://wp.nootheme.com/citilights/dummy/wp-content/uploads/2014/09/marker-icon-condo.png</guid>
		<description></description>
		<content:encoded><![CDATA[]]></content:encoded>
		<excerpt:encoded><![CDATA[]]></excerpt:encoded>
		<wp:post_id>6439</wp:post_id>
		<wp:post_date>2014-09-29 04:55:30</wp:post_date>
		<wp:post_date_gmt>2014-09-29 04:55:30</wp:post_date_gmt>
		<wp:comment_status>open</wp:comment_status>
		<wp:ping_status>open</wp:ping_status>
		<wp:post_name>marker-icon-condo</wp:post_name>
		<wp:status>inherit</wp:status>
		<wp:post_parent>0</wp:post_parent>
		<wp:menu_order>0</wp:menu_order>
		<wp:post_type>attachment</wp:post_type>
		<wp:post_password></wp:post_password>
		<wp:is_sticky>0</wp:is_sticky>
		<wp:attachment_url>http://wp.nootheme.com/citilights/dummy/wp-content/uploads/2014/09/marker-icon-condo.png</wp:attachment_url>
		<wp:postmeta>
			<wp:meta_key>_wp_attached_file</wp:meta_key>
			<wp:meta_value><![CDATA[2014/09/marker-icon-condo.png]]></wp:meta_value>
		</wp:postmeta>
		<wp:postmeta>
			<wp:meta_key>_wp_attachment_metadata</wp:meta_key>
			<wp:meta_value><![CDATA[a:5:{s:5:"width";i:77;s:6:"height";i:83;s:4:"file";s:29:"2014/09/marker-icon-condo.png";s:5:"sizes";a:0:{}s:10:"image_meta";a:11:{s:8:"aperture";i:0;s:6:"credit";s:0:"";s:6:"camera";s:0:"";s:7:"caption";s:0:"";s:17:"created_timestamp";i:0;s:9:"copyright";s:0:"";s:12:"focal_length";i:0;s:3:"iso";i:0;s:13:"shutter_speed";i:0;s:5:"title";s:0:"";s:11:"orientation";i:0;}}]]></wp:meta_value>
		</wp:postmeta>
	</item>
	<item>
				<title>bg-action</title>
		<link>http://wp.nootheme.com/citilights/dummy/home-realty/bg-action/</link>
		<pubDate>Mon, 29 Sep 2014 04:58:49 +0000</pubDate>
		<dc:creator><![CDATA[admin]]></dc:creator>
		<guid isPermaLink="false">http://wp.nootheme.com/citilights/dummy/wp-content/uploads/2014/09/bg-action.jpg</guid>
		<description></description>
		<content:encoded><![CDATA[]]></content:encoded>
		<excerpt:encoded><![CDATA[]]></excerpt:encoded>
		<wp:post_id>6440</wp:post_id>
		<wp:post_date>2014-09-29 04:58:49</wp:post_date>
		<wp:post_date_gmt>2014-09-29 04:58:49</wp:post_date_gmt>
		<wp:comment_status>open</wp:comment_status>
		<wp:ping_status>open</wp:ping_status>
		<wp:post_name>bg-action</wp:post_name>
		<wp:status>inherit</wp:status>
		<wp:post_parent>6403</wp:post_parent>
		<wp:menu_order>0</wp:menu_order>
		<wp:post_type>attachment</wp:post_type>
		<wp:post_password></wp:post_password>
		<wp:is_sticky>0</wp:is_sticky>
		<wp:attachment_url>http://wp.nootheme.com/citilights/dummy/wp-content/uploads/2014/09/bg-action.jpg</wp:attachment_url>
		<wp:postmeta>
			<wp:meta_key>_wp_attached_file</wp:meta_key>
			<wp:meta_value><![CDATA[2014/09/bg-action.jpg]]></wp:meta_value>
		</wp:postmeta>
		<wp:postmeta>
			<wp:meta_key>_wp_attachment_metadata</wp:meta_key>
			<wp:meta_value><![CDATA[a:5:{s:5:"width";i:1920;s:6:"height";i:697;s:4:"file";s:21:"2014/09/bg-action.jpg";s:5:"sizes";a:8:{s:9:"thumbnail";a:4:{s:4:"file";s:21:"bg-action-370x300.jpg";s:5:"width";i:370;s:6:"height";i:300;s:9:"mime-type";s:10:"image/jpeg";}s:6:"medium";a:4:{s:4:"file";s:21:"bg-action-800x290.jpg";s:5:"width";i:800;s:6:"height";i:290;s:9:"mime-type";s:10:"image/jpeg";}s:5:"large";a:4:{s:4:"file";s:22:"bg-action-1170x424.jpg";s:5:"width";i:1170;s:6:"height";i:424;s:9:"mime-type";s:10:"image/jpeg";}s:14:"property-thumb";a:4:{s:4:"file";s:21:"bg-action-370x300.jpg";s:5:"width";i:370;s:6:"height";i:300;s:9:"mime-type";s:10:"image/jpeg";}s:14:"property-image";a:4:{s:4:"file";s:21:"bg-action-800x450.jpg";s:5:"width";i:800;s:6:"height";i:450;s:9:"mime-type";s:10:"image/jpeg";}s:16:"property-infobox";a:4:{s:4:"file";s:21:"bg-action-190x160.jpg";s:5:"width";i:190;s:6:"height";i:160;s:9:"mime-type";s:10:"image/jpeg";}s:15:"property-slider";a:4:{s:4:"file";s:22:"bg-action-1170x697.jpg";s:5:"width";i:1170;s:6:"height";i:697;s:9:"mime-type";s:10:"image/jpeg";}s:11:"agent-thumb";a:4:{s:4:"file";s:21:"bg-action-171x233.jpg";s:5:"width";i:171;s:6:"height";i:233;s:9:"mime-type";s:10:"image/jpeg";}}s:10:"image_meta";a:11:{s:8:"aperture";i:0;s:6:"credit";s:0:"";s:6:"camera";s:0:"";s:7:"caption";s:0:"";s:17:"created_timestamp";i:0;s:9:"copyright";s:0:"";s:12:"focal_length";i:0;s:3:"iso";i:0;s:13:"shutter_speed";i:0;s:5:"title";s:0:"";s:11:"orientation";i:0;}}]]></wp:meta_value>
		</wp:postmeta>
	</item>
	<item>
				<title>marker-icon-coop</title>
		<link>http://wp.nootheme.com/citilights/dummy/?attachment_id=6444</link>
		<pubDate>Mon, 29 Sep 2014 05:00:52 +0000</pubDate>
		<dc:creator><![CDATA[admin]]></dc:creator>
		<guid isPermaLink="false">http://wp.nootheme.com/citilights/dummy/wp-content/uploads/2014/09/marker-icon-coop.png</guid>
		<description></description>
		<content:encoded><![CDATA[]]></content:encoded>
		<excerpt:encoded><![CDATA[]]></excerpt:encoded>
		<wp:post_id>6444</wp:post_id>
		<wp:post_date>2014-09-29 05:00:52</wp:post_date>
		<wp:post_date_gmt>2014-09-29 05:00:52</wp:post_date_gmt>
		<wp:comment_status>open</wp:comment_status>
		<wp:ping_status>open</wp:ping_status>
		<wp:post_name>marker-icon-coop</wp:post_name>
		<wp:status>inherit</wp:status>
		<wp:post_parent>0</wp:post_parent>
		<wp:menu_order>0</wp:menu_order>
		<wp:post_type>attachment</wp:post_type>
		<wp:post_password></wp:post_password>
		<wp:is_sticky>0</wp:is_sticky>
		<wp:attachment_url>http://wp.nootheme.com/citilights/dummy/wp-content/uploads/2014/09/marker-icon-coop.png</wp:attachment_url>
		<wp:postmeta>
			<wp:meta_key>_wp_attached_file</wp:meta_key>
			<wp:meta_value><![CDATA[2014/09/marker-icon-coop.png]]></wp:meta_value>
		</wp:postmeta>
		<wp:postmeta>
			<wp:meta_key>_wp_attachment_metadata</wp:meta_key>
			<wp:meta_value><![CDATA[a:5:{s:5:"width";i:77;s:6:"height";i:83;s:4:"file";s:28:"2014/09/marker-icon-coop.png";s:5:"sizes";a:0:{}s:10:"image_meta";a:11:{s:8:"aperture";i:0;s:6:"credit";s:0:"";s:6:"camera";s:0:"";s:7:"caption";s:0:"";s:17:"created_timestamp";i:0;s:9:"copyright";s:0:"";s:12:"focal_length";i:0;s:3:"iso";i:0;s:13:"shutter_speed";i:0;s:5:"title";s:0:"";s:11:"orientation";i:0;}}]]></wp:meta_value>
		</wp:postmeta>
	</item>
	<item>
				<title>customer</title>
		<link>http://wp.nootheme.com/citilights/dummy/home-realty/customer/</link>
		<pubDate>Tue, 30 Sep 2014 01:56:26 +0000</pubDate>
		<dc:creator><![CDATA[admin]]></dc:creator>
		<guid isPermaLink="false">http://wp.nootheme.com/citilights/dummy/wp-content/uploads/2014/09/customer.png</guid>
		<description></description>
		<content:encoded><![CDATA[]]></content:encoded>
		<excerpt:encoded><![CDATA[]]></excerpt:encoded>
		<wp:post_id>6501</wp:post_id>
		<wp:post_date>2014-09-30 01:56:26</wp:post_date>
		<wp:post_date_gmt>2014-09-30 01:56:26</wp:post_date_gmt>
		<wp:comment_status>open</wp:comment_status>
		<wp:ping_status>open</wp:ping_status>
		<wp:post_name>customer</wp:post_name>
		<wp:status>inherit</wp:status>
		<wp:post_parent>6403</wp:post_parent>
		<wp:menu_order>0</wp:menu_order>
		<wp:post_type>attachment</wp:post_type>
		<wp:post_password></wp:post_password>
		<wp:is_sticky>0</wp:is_sticky>
		<wp:attachment_url>http://wp.nootheme.com/citilights/dummy/wp-content/uploads/2014/09/customer.png</wp:attachment_url>
		<wp:postmeta>
			<wp:meta_key>_wp_attached_file</wp:meta_key>
			<wp:meta_value><![CDATA[2014/09/customer.png]]></wp:meta_value>
		</wp:postmeta>
		<wp:postmeta>
			<wp:meta_key>_wp_attachment_metadata</wp:meta_key>
			<wp:meta_value><![CDATA[a:5:{s:5:"width";i:70;s:6:"height";i:70;s:4:"file";s:20:"2014/09/customer.png";s:5:"sizes";a:0:{}s:10:"image_meta";a:11:{s:8:"aperture";i:0;s:6:"credit";s:0:"";s:6:"camera";s:0:"";s:7:"caption";s:0:"";s:17:"created_timestamp";i:0;s:9:"copyright";s:0:"";s:12:"focal_length";i:0;s:3:"iso";i:0;s:13:"shutter_speed";i:0;s:5:"title";s:0:"";s:11:"orientation";i:0;}}]]></wp:meta_value>
		</wp:postmeta>
	</item>
	<item>
				<title>bg-recent-agents</title>
		<link>http://wp.nootheme.com/citilights/dummy/home-realty/bg-recent-agents/</link>
		<pubDate>Fri, 03 Oct 2014 04:33:33 +0000</pubDate>
		<dc:creator><![CDATA[admin]]></dc:creator>
		<guid isPermaLink="false">http://wp.nootheme.com/citilights/dummy/wp-content/uploads/2014/09/bg-recent-agents.png</guid>
		<description></description>
		<content:encoded><![CDATA[]]></content:encoded>
		<excerpt:encoded><![CDATA[]]></excerpt:encoded>
		<wp:post_id>6597</wp:post_id>
		<wp:post_date>2014-10-03 04:33:33</wp:post_date>
		<wp:post_date_gmt>2014-10-03 04:33:33</wp:post_date_gmt>
		<wp:comment_status>open</wp:comment_status>
		<wp:ping_status>open</wp:ping_status>
		<wp:post_name>bg-recent-agents</wp:post_name>
		<wp:status>inherit</wp:status>
		<wp:post_parent>6403</wp:post_parent>
		<wp:menu_order>0</wp:menu_order>
		<wp:post_type>attachment</wp:post_type>
		<wp:post_password></wp:post_password>
		<wp:is_sticky>0</wp:is_sticky>
		<wp:attachment_url>http://wp.nootheme.com/citilights/dummy/wp-content/uploads/2014/09/bg-recent-agents.png</wp:attachment_url>
		<wp:postmeta>
			<wp:meta_key>_wp_attached_file</wp:meta_key>
			<wp:meta_value><![CDATA[2014/09/bg-recent-agents.png]]></wp:meta_value>
		</wp:postmeta>
		<wp:postmeta>
			<wp:meta_key>_wp_attachment_metadata</wp:meta_key>
			<wp:meta_value><![CDATA[a:5:{s:5:"width";i:500;s:6:"height";i:500;s:4:"file";s:28:"2014/09/bg-recent-agents.png";s:5:"sizes";a:6:{s:9:"thumbnail";a:4:{s:4:"file";s:28:"bg-recent-agents-370x300.png";s:5:"width";i:370;s:6:"height";i:300;s:9:"mime-type";s:9:"image/png";}s:6:"medium";a:4:{s:4:"file";s:28:"bg-recent-agents-450x450.png";s:5:"width";i:450;s:6:"height";i:450;s:9:"mime-type";s:9:"image/png";}s:14:"property-thumb";a:4:{s:4:"file";s:28:"bg-recent-agents-370x300.png";s:5:"width";i:370;s:6:"height";i:300;s:9:"mime-type";s:9:"image/png";}s:14:"property-image";a:4:{s:4:"file";s:28:"bg-recent-agents-500x450.png";s:5:"width";i:500;s:6:"height";i:450;s:9:"mime-type";s:9:"image/png";}s:16:"property-infobox";a:4:{s:4:"file";s:28:"bg-recent-agents-190x160.png";s:5:"width";i:190;s:6:"height";i:160;s:9:"mime-type";s:9:"image/png";}s:11:"agent-thumb";a:4:{s:4:"file";s:28:"bg-recent-agents-171x233.png";s:5:"width";i:171;s:6:"height";i:233;s:9:"mime-type";s:9:"image/png";}}s:10:"image_meta";a:11:{s:8:"aperture";i:0;s:6:"credit";s:0:"";s:6:"camera";s:0:"";s:7:"caption";s:0:"";s:17:"created_timestamp";i:0;s:9:"copyright";s:0:"";s:12:"focal_length";i:0;s:3:"iso";i:0;s:13:"shutter_speed";i:0;s:5:"title";s:0:"";s:11:"orientation";i:0;}}]]></wp:meta_value>
		</wp:postmeta>
	</item>
	<item>
				<title>default-avatar</title>
		<link>http://wp.nootheme.com/citilights/dummy/?attachment_id=7193</link>
		<pubDate>Thu, 16 Oct 2014 10:15:47 +0000</pubDate>
		<dc:creator><![CDATA[admin]]></dc:creator>
		<guid isPermaLink="false">http://wp.nootheme.com/citilights/dummy/wp-content/uploads/2014/10/default-avatar.png</guid>
		<description></description>
		<content:encoded><![CDATA[]]></content:encoded>
		<excerpt:encoded><![CDATA[]]></excerpt:encoded>
		<wp:post_id>7193</wp:post_id>
		<wp:post_date>2014-10-16 10:15:47</wp:post_date>
		<wp:post_date_gmt>2014-10-16 10:15:47</wp:post_date_gmt>
		<wp:comment_status>open</wp:comment_status>
		<wp:ping_status>open</wp:ping_status>
		<wp:post_name>default-avatar</wp:post_name>
		<wp:status>inherit</wp:status>
		<wp:post_parent>0</wp:post_parent>
		<wp:menu_order>0</wp:menu_order>
		<wp:post_type>attachment</wp:post_type>
		<wp:post_password></wp:post_password>
		<wp:is_sticky>0</wp:is_sticky>
		<wp:attachment_url>http://wp.nootheme.com/citilights/dummy/wp-content/uploads/2014/10/default-avatar.png</wp:attachment_url>
		<wp:postmeta>
			<wp:meta_key>_wp_attachment_metadata</wp:meta_key>
			<wp:meta_value><![CDATA[a:5:{s:5:"width";i:370;s:6:"height";i:503;s:4:"file";s:26:"2014/10/default-avatar.png";s:5:"sizes";a:7:{s:9:"thumbnail";a:4:{s:4:"file";s:26:"default-avatar-370x300.png";s:5:"width";i:370;s:6:"height";i:300;s:9:"mime-type";s:9:"image/png";}s:6:"medium";a:4:{s:4:"file";s:26:"default-avatar-331x450.png";s:5:"width";i:331;s:6:"height";i:450;s:9:"mime-type";s:9:"image/png";}s:5:"large";a:4:{s:4:"file";s:26:"default-avatar-367x500.png";s:5:"width";i:367;s:6:"height";i:500;s:9:"mime-type";s:9:"image/png";}s:14:"property-thumb";a:4:{s:4:"file";s:26:"default-avatar-370x300.png";s:5:"width";i:370;s:6:"height";i:300;s:9:"mime-type";s:9:"image/png";}s:14:"property-image";a:4:{s:4:"file";s:26:"default-avatar-370x450.png";s:5:"width";i:370;s:6:"height";i:450;s:9:"mime-type";s:9:"image/png";}s:16:"property-infobox";a:4:{s:4:"file";s:26:"default-avatar-190x160.png";s:5:"width";i:190;s:6:"height";i:160;s:9:"mime-type";s:9:"image/png";}s:11:"agent-thumb";a:4:{s:4:"file";s:26:"default-avatar-171x233.png";s:5:"width";i:171;s:6:"height";i:233;s:9:"mime-type";s:9:"image/png";}}s:10:"image_meta";a:11:{s:8:"aperture";i:0;s:6:"credit";s:0:"";s:6:"camera";s:0:"";s:7:"caption";s:0:"";s:17:"created_timestamp";i:0;s:9:"copyright";s:0:"";s:12:"focal_length";i:0;s:3:"iso";i:0;s:13:"shutter_speed";i:0;s:5:"title";s:0:"";s:11:"orientation";i:0;}}]]></wp:meta_value>
		</wp:postmeta>
		<wp:postmeta>
			<wp:meta_key>_wp_attached_file</wp:meta_key>
			<wp:meta_value><![CDATA[2014/10/default-avatar.png]]></wp:meta_value>
		</wp:postmeta>
	</item>
	<item>
				<title>blog-slider-1</title>
		<link>http://wp.nootheme.com/citilights/dummy/?attachment_id=7194</link>
		<pubDate>Fri, 17 Oct 2014 02:07:22 +0000</pubDate>
		<dc:creator><![CDATA[admin]]></dc:creator>
		<guid isPermaLink="false">http://wp.nootheme.com/citilights/dummy/wp-content/uploads/2014/10/blog-slider-1.jpg</guid>
		<description></description>
		<content:encoded><![CDATA[]]></content:encoded>
		<excerpt:encoded><![CDATA[]]></excerpt:encoded>
		<wp:post_id>7194</wp:post_id>
		<wp:post_date>2014-10-17 02:07:22</wp:post_date>
		<wp:post_date_gmt>2014-10-17 02:07:22</wp:post_date_gmt>
		<wp:comment_status>open</wp:comment_status>
		<wp:ping_status>open</wp:ping_status>
		<wp:post_name>blog-slider-1</wp:post_name>
		<wp:status>inherit</wp:status>
		<wp:post_parent>0</wp:post_parent>
		<wp:menu_order>0</wp:menu_order>
		<wp:post_type>attachment</wp:post_type>
		<wp:post_password></wp:post_password>
		<wp:is_sticky>0</wp:is_sticky>
		<wp:attachment_url>http://wp.nootheme.com/citilights/dummy/wp-content/uploads/2014/10/blog-slider-1.jpg</wp:attachment_url>
		<wp:postmeta>
			<wp:meta_key>_wp_attached_file</wp:meta_key>
			<wp:meta_value><![CDATA[2014/10/blog-slider-1.jpg]]></wp:meta_value>
		</wp:postmeta>
		<wp:postmeta>
			<wp:meta_key>_wp_attachment_metadata</wp:meta_key>
			<wp:meta_value><![CDATA[a:5:{s:5:"width";i:1280;s:6:"height";i:1024;s:4:"file";s:25:"2014/10/blog-slider-1.jpg";s:5:"sizes";a:8:{s:9:"thumbnail";a:4:{s:4:"file";s:25:"blog-slider-1-370x300.jpg";s:5:"width";i:370;s:6:"height";i:300;s:9:"mime-type";s:10:"image/jpeg";}s:6:"medium";a:4:{s:4:"file";s:25:"blog-slider-1-562x450.jpg";s:5:"width";i:562;s:6:"height";i:450;s:9:"mime-type";s:10:"image/jpeg";}s:5:"large";a:4:{s:4:"file";s:25:"blog-slider-1-625x500.jpg";s:5:"width";i:625;s:6:"height";i:500;s:9:"mime-type";s:10:"image/jpeg";}s:14:"property-thumb";a:4:{s:4:"file";s:25:"blog-slider-1-370x300.jpg";s:5:"width";i:370;s:6:"height";i:300;s:9:"mime-type";s:10:"image/jpeg";}s:14:"property-image";a:4:{s:4:"file";s:25:"blog-slider-1-800x450.jpg";s:5:"width";i:800;s:6:"height";i:450;s:9:"mime-type";s:10:"image/jpeg";}s:16:"property-infobox";a:4:{s:4:"file";s:25:"blog-slider-1-190x160.jpg";s:5:"width";i:190;s:6:"height";i:160;s:9:"mime-type";s:10:"image/jpeg";}s:15:"property-slider";a:4:{s:4:"file";s:26:"blog-slider-1-1170x700.jpg";s:5:"width";i:1170;s:6:"height";i:700;s:9:"mime-type";s:10:"image/jpeg";}s:11:"agent-thumb";a:4:{s:4:"file";s:25:"blog-slider-1-171x233.jpg";s:5:"width";i:171;s:6:"height";i:233;s:9:"mime-type";s:10:"image/jpeg";}}s:10:"image_meta";a:11:{s:8:"aperture";i:0;s:6:"credit";s:0:"";s:6:"camera";s:0:"";s:7:"caption";s:0:"";s:17:"created_timestamp";i:0;s:9:"copyright";s:0:"";s:12:"focal_length";i:0;s:3:"iso";i:0;s:13:"shutter_speed";i:0;s:5:"title";s:0:"";s:11:"orientation";i:0;}}]]></wp:meta_value>
		</wp:postmeta>
	</item>
	<item>
				<title>blog-slider-2</title>
		<link>http://wp.nootheme.com/citilights/dummy/?attachment_id=7195</link>
		<pubDate>Fri, 17 Oct 2014 02:07:25 +0000</pubDate>
		<dc:creator><![CDATA[admin]]></dc:creator>
		<guid isPermaLink="false">http://wp.nootheme.com/citilights/dummy/wp-content/uploads/2014/10/blog-slider-2.jpg</guid>
		<description></description>
		<content:encoded><![CDATA[]]></content:encoded>
		<excerpt:encoded><![CDATA[]]></excerpt:encoded>
		<wp:post_id>7195</wp:post_id>
		<wp:post_date>2014-10-17 02:07:25</wp:post_date>
		<wp:post_date_gmt>2014-10-17 02:07:25</wp:post_date_gmt>
		<wp:comment_status>open</wp:comment_status>
		<wp:ping_status>open</wp:ping_status>
		<wp:post_name>blog-slider-2</wp:post_name>
		<wp:status>inherit</wp:status>
		<wp:post_parent>0</wp:post_parent>
		<wp:menu_order>0</wp:menu_order>
		<wp:post_type>attachment</wp:post_type>
		<wp:post_password></wp:post_password>
		<wp:is_sticky>0</wp:is_sticky>
		<wp:attachment_url>http://wp.nootheme.com/citilights/dummy/wp-content/uploads/2014/10/blog-slider-2.jpg</wp:attachment_url>
		<wp:postmeta>
			<wp:meta_key>_wp_attached_file</wp:meta_key>
			<wp:meta_value><![CDATA[2014/10/blog-slider-2.jpg]]></wp:meta_value>
		</wp:postmeta>
		<wp:postmeta>
			<wp:meta_key>_wp_attachment_metadata</wp:meta_key>
			<wp:meta_value><![CDATA[a:5:{s:5:"width";i:1280;s:6:"height";i:1024;s:4:"file";s:25:"2014/10/blog-slider-2.jpg";s:5:"sizes";a:8:{s:9:"thumbnail";a:4:{s:4:"file";s:25:"blog-slider-2-370x300.jpg";s:5:"width";i:370;s:6:"height";i:300;s:9:"mime-type";s:10:"image/jpeg";}s:6:"medium";a:4:{s:4:"file";s:25:"blog-slider-2-562x450.jpg";s:5:"width";i:562;s:6:"height";i:450;s:9:"mime-type";s:10:"image/jpeg";}s:5:"large";a:4:{s:4:"file";s:25:"blog-slider-2-625x500.jpg";s:5:"width";i:625;s:6:"height";i:500;s:9:"mime-type";s:10:"image/jpeg";}s:14:"property-thumb";a:4:{s:4:"file";s:25:"blog-slider-2-370x300.jpg";s:5:"width";i:370;s:6:"height";i:300;s:9:"mime-type";s:10:"image/jpeg";}s:14:"property-image";a:4:{s:4:"file";s:25:"blog-slider-2-800x450.jpg";s:5:"width";i:800;s:6:"height";i:450;s:9:"mime-type";s:10:"image/jpeg";}s:16:"property-infobox";a:4:{s:4:"file";s:25:"blog-slider-2-190x160.jpg";s:5:"width";i:190;s:6:"height";i:160;s:9:"mime-type";s:10:"image/jpeg";}s:15:"property-slider";a:4:{s:4:"file";s:26:"blog-slider-2-1170x700.jpg";s:5:"width";i:1170;s:6:"height";i:700;s:9:"mime-type";s:10:"image/jpeg";}s:11:"agent-thumb";a:4:{s:4:"file";s:25:"blog-slider-2-171x233.jpg";s:5:"width";i:171;s:6:"height";i:233;s:9:"mime-type";s:10:"image/jpeg";}}s:10:"image_meta";a:11:{s:8:"aperture";i:0;s:6:"credit";s:0:"";s:6:"camera";s:0:"";s:7:"caption";s:0:"";s:17:"created_timestamp";i:0;s:9:"copyright";s:0:"";s:12:"focal_length";i:0;s:3:"iso";i:0;s:13:"shutter_speed";i:0;s:5:"title";s:0:"";s:11:"orientation";i:0;}}]]></wp:meta_value>
		</wp:postmeta>
	</item>
	<item>
				<title>standard_blog</title>
		<link>http://wp.nootheme.com/citilights/dummy/?attachment_id=7197</link>
		<pubDate>Fri, 17 Oct 2014 02:07:31 +0000</pubDate>
		<dc:creator><![CDATA[admin]]></dc:creator>
		<guid isPermaLink="false">http://wp.nootheme.com/citilights/dummy/wp-content/uploads/2014/10/standard_blog.jpg</guid>
		<description></description>
		<content:encoded><![CDATA[]]></content:encoded>
		<excerpt:encoded><![CDATA[]]></excerpt:encoded>
		<wp:post_id>7197</wp:post_id>
		<wp:post_date>2014-10-17 02:07:31</wp:post_date>
		<wp:post_date_gmt>2014-10-17 02:07:31</wp:post_date_gmt>
		<wp:comment_status>open</wp:comment_status>
		<wp:ping_status>open</wp:ping_status>
		<wp:post_name>standard_blog</wp:post_name>
		<wp:status>inherit</wp:status>
		<wp:post_parent>0</wp:post_parent>
		<wp:menu_order>0</wp:menu_order>
		<wp:post_type>attachment</wp:post_type>
		<wp:post_password></wp:post_password>
		<wp:is_sticky>0</wp:is_sticky>
		<wp:attachment_url>http://wp.nootheme.com/citilights/dummy/wp-content/uploads/2014/10/standard_blog.jpg</wp:attachment_url>
		<wp:postmeta>
			<wp:meta_key>_wp_attached_file</wp:meta_key>
			<wp:meta_value><![CDATA[2014/10/standard_blog.jpg]]></wp:meta_value>
		</wp:postmeta>
		<wp:postmeta>
			<wp:meta_key>_wp_attachment_metadata</wp:meta_key>
			<wp:meta_value><![CDATA[a:5:{s:5:"width";i:2560;s:6:"height";i:1600;s:4:"file";s:25:"2014/10/standard_blog.jpg";s:5:"sizes";a:8:{s:9:"thumbnail";a:4:{s:4:"file";s:25:"standard_blog-370x300.jpg";s:5:"width";i:370;s:6:"height";i:300;s:9:"mime-type";s:10:"image/jpeg";}s:6:"medium";a:4:{s:4:"file";s:25:"standard_blog-720x450.jpg";s:5:"width";i:720;s:6:"height";i:450;s:9:"mime-type";s:10:"image/jpeg";}s:5:"large";a:4:{s:4:"file";s:25:"standard_blog-800x500.jpg";s:5:"width";i:800;s:6:"height";i:500;s:9:"mime-type";s:10:"image/jpeg";}s:14:"property-thumb";a:4:{s:4:"file";s:25:"standard_blog-370x300.jpg";s:5:"width";i:370;s:6:"height";i:300;s:9:"mime-type";s:10:"image/jpeg";}s:14:"property-image";a:4:{s:4:"file";s:25:"standard_blog-800x450.jpg";s:5:"width";i:800;s:6:"height";i:450;s:9:"mime-type";s:10:"image/jpeg";}s:16:"property-infobox";a:4:{s:4:"file";s:25:"standard_blog-190x160.jpg";s:5:"width";i:190;s:6:"height";i:160;s:9:"mime-type";s:10:"image/jpeg";}s:15:"property-slider";a:4:{s:4:"file";s:26:"standard_blog-1170x700.jpg";s:5:"width";i:1170;s:6:"height";i:700;s:9:"mime-type";s:10:"image/jpeg";}s:11:"agent-thumb";a:4:{s:4:"file";s:25:"standard_blog-171x233.jpg";s:5:"width";i:171;s:6:"height";i:233;s:9:"mime-type";s:10:"image/jpeg";}}s:10:"image_meta";a:11:{s:8:"aperture";i:0;s:6:"credit";s:0:"";s:6:"camera";s:0:"";s:7:"caption";s:0:"";s:17:"created_timestamp";i:0;s:9:"copyright";s:0:"";s:12:"focal_length";i:0;s:3:"iso";i:0;s:13:"shutter_speed";i:0;s:5:"title";s:0:"";s:11:"orientation";i:0;}}]]></wp:meta_value>
		</wp:postmeta>
	</item>
	<item>
				<title>standard-property</title>
		<link>http://wp.nootheme.com/citilights/dummy/?attachment_id=7199</link>
		<pubDate>Fri, 17 Oct 2014 02:27:19 +0000</pubDate>
		<dc:creator><![CDATA[admin]]></dc:creator>
		<guid isPermaLink="false">http://wp.nootheme.com/citilights/dummy/wp-content/uploads/2014/10/standard-property.jpg</guid>
		<description></description>
		<content:encoded><![CDATA[]]></content:encoded>
		<excerpt:encoded><![CDATA[]]></excerpt:encoded>
		<wp:post_id>7199</wp:post_id>
		<wp:post_date>2014-10-17 02:27:19</wp:post_date>
		<wp:post_date_gmt>2014-10-17 02:27:19</wp:post_date_gmt>
		<wp:comment_status>open</wp:comment_status>
		<wp:ping_status>open</wp:ping_status>
		<wp:post_name>standard-property</wp:post_name>
		<wp:status>inherit</wp:status>
		<wp:post_parent>0</wp:post_parent>
		<wp:menu_order>0</wp:menu_order>
		<wp:post_type>attachment</wp:post_type>
		<wp:post_password></wp:post_password>
		<wp:is_sticky>0</wp:is_sticky>
		<wp:attachment_url>http://wp.nootheme.com/citilights/dummy/wp-content/uploads/2014/10/standard-property.jpg</wp:attachment_url>
		<wp:postmeta>
			<wp:meta_key>_wp_attached_file</wp:meta_key>
			<wp:meta_value><![CDATA[2014/10/standard-property.jpg]]></wp:meta_value>
		</wp:postmeta>
		<wp:postmeta>
			<wp:meta_key>_wp_attachment_metadata</wp:meta_key>
			<wp:meta_value><![CDATA[a:5:{s:5:"width";i:1920;s:6:"height";i:1200;s:4:"file";s:29:"2014/10/standard-property.jpg";s:5:"sizes";a:8:{s:9:"thumbnail";a:4:{s:4:"file";s:29:"standard-property-370x300.jpg";s:5:"width";i:370;s:6:"height";i:300;s:9:"mime-type";s:10:"image/jpeg";}s:6:"medium";a:4:{s:4:"file";s:29:"standard-property-720x450.jpg";s:5:"width";i:720;s:6:"height";i:450;s:9:"mime-type";s:10:"image/jpeg";}s:5:"large";a:4:{s:4:"file";s:29:"standard-property-800x500.jpg";s:5:"width";i:800;s:6:"height";i:500;s:9:"mime-type";s:10:"image/jpeg";}s:14:"property-thumb";a:4:{s:4:"file";s:29:"standard-property-370x300.jpg";s:5:"width";i:370;s:6:"height";i:300;s:9:"mime-type";s:10:"image/jpeg";}s:14:"property-image";a:4:{s:4:"file";s:29:"standard-property-800x450.jpg";s:5:"width";i:800;s:6:"height";i:450;s:9:"mime-type";s:10:"image/jpeg";}s:16:"property-infobox";a:4:{s:4:"file";s:29:"standard-property-190x160.jpg";s:5:"width";i:190;s:6:"height";i:160;s:9:"mime-type";s:10:"image/jpeg";}s:15:"property-slider";a:4:{s:4:"file";s:30:"standard-property-1170x700.jpg";s:5:"width";i:1170;s:6:"height";i:700;s:9:"mime-type";s:10:"image/jpeg";}s:11:"agent-thumb";a:4:{s:4:"file";s:29:"standard-property-171x233.jpg";s:5:"width";i:171;s:6:"height";i:233;s:9:"mime-type";s:10:"image/jpeg";}}s:10:"image_meta";a:11:{s:8:"aperture";i:0;s:6:"credit";s:0:"";s:6:"camera";s:0:"";s:7:"caption";s:0:"";s:17:"created_timestamp";i:0;s:9:"copyright";s:0:"";s:12:"focal_length";i:0;s:3:"iso";i:0;s:13:"shutter_speed";i:0;s:5:"title";s:0:"";s:11:"orientation";i:0;}}]]></wp:meta_value>
		</wp:postmeta>
	</item>
	<item>
				<title>property-slider-1</title>
		<link>http://wp.nootheme.com/citilights/dummy/?attachment_id=7200</link>
		<pubDate>Fri, 17 Oct 2014 02:27:29 +0000</pubDate>
		<dc:creator><![CDATA[admin]]></dc:creator>
		<guid isPermaLink="false">http://wp.nootheme.com/citilights/dummy/wp-content/uploads/2014/10/property-slider-1.jpg</guid>
		<description></description>
		<content:encoded><![CDATA[]]></content:encoded>
		<excerpt:encoded><![CDATA[]]></excerpt:encoded>
		<wp:post_id>7200</wp:post_id>
		<wp:post_date>2014-10-17 02:27:29</wp:post_date>
		<wp:post_date_gmt>2014-10-17 02:27:29</wp:post_date_gmt>
		<wp:comment_status>open</wp:comment_status>
		<wp:ping_status>open</wp:ping_status>
		<wp:post_name>property-slider-1</wp:post_name>
		<wp:status>inherit</wp:status>
		<wp:post_parent>0</wp:post_parent>
		<wp:menu_order>0</wp:menu_order>
		<wp:post_type>attachment</wp:post_type>
		<wp:post_password></wp:post_password>
		<wp:is_sticky>0</wp:is_sticky>
		<wp:attachment_url>http://wp.nootheme.com/citilights/dummy/wp-content/uploads/2014/10/property-slider-1.jpg</wp:attachment_url>
		<wp:postmeta>
			<wp:meta_key>_wp_attached_file</wp:meta_key>
			<wp:meta_value><![CDATA[2014/10/property-slider-1.jpg]]></wp:meta_value>
		</wp:postmeta>
		<wp:postmeta>
			<wp:meta_key>_wp_attachment_metadata</wp:meta_key>
			<wp:meta_value><![CDATA[a:5:{s:5:"width";i:1280;s:6:"height";i:800;s:4:"file";s:29:"2014/10/property-slider-1.jpg";s:5:"sizes";a:8:{s:9:"thumbnail";a:4:{s:4:"file";s:29:"property-slider-1-370x300.jpg";s:5:"width";i:370;s:6:"height";i:300;s:9:"mime-type";s:10:"image/jpeg";}s:6:"medium";a:4:{s:4:"file";s:29:"property-slider-1-720x450.jpg";s:5:"width";i:720;s:6:"height";i:450;s:9:"mime-type";s:10:"image/jpeg";}s:5:"large";a:4:{s:4:"file";s:29:"property-slider-1-800x500.jpg";s:5:"width";i:800;s:6:"height";i:500;s:9:"mime-type";s:10:"image/jpeg";}s:14:"property-thumb";a:4:{s:4:"file";s:29:"property-slider-1-370x300.jpg";s:5:"width";i:370;s:6:"height";i:300;s:9:"mime-type";s:10:"image/jpeg";}s:14:"property-image";a:4:{s:4:"file";s:29:"property-slider-1-800x450.jpg";s:5:"width";i:800;s:6:"height";i:450;s:9:"mime-type";s:10:"image/jpeg";}s:16:"property-infobox";a:4:{s:4:"file";s:29:"property-slider-1-190x160.jpg";s:5:"width";i:190;s:6:"height";i:160;s:9:"mime-type";s:10:"image/jpeg";}s:15:"property-slider";a:4:{s:4:"file";s:30:"property-slider-1-1170x700.jpg";s:5:"width";i:1170;s:6:"height";i:700;s:9:"mime-type";s:10:"image/jpeg";}s:11:"agent-thumb";a:4:{s:4:"file";s:29:"property-slider-1-171x233.jpg";s:5:"width";i:171;s:6:"height";i:233;s:9:"mime-type";s:10:"image/jpeg";}}s:10:"image_meta";a:11:{s:8:"aperture";i:0;s:6:"credit";s:0:"";s:6:"camera";s:0:"";s:7:"caption";s:0:"";s:17:"created_timestamp";i:0;s:9:"copyright";s:0:"";s:12:"focal_length";i:0;s:3:"iso";i:0;s:13:"shutter_speed";i:0;s:5:"title";s:0:"";s:11:"orientation";i:0;}}]]></wp:meta_value>
		</wp:postmeta>
	</item>
	<item>
				<title>property-slider-2</title>
		<link>http://wp.nootheme.com/citilights/dummy/?attachment_id=7201</link>
		<pubDate>Fri, 17 Oct 2014 02:27:33 +0000</pubDate>
		<dc:creator><![CDATA[admin]]></dc:creator>
		<guid isPermaLink="false">http://wp.nootheme.com/citilights/dummy/wp-content/uploads/2014/10/property-slider-2.jpg</guid>
		<description></description>
		<content:encoded><![CDATA[]]></content:encoded>
		<excerpt:encoded><![CDATA[]]></excerpt:encoded>
		<wp:post_id>7201</wp:post_id>
		<wp:post_date>2014-10-17 02:27:33</wp:post_date>
		<wp:post_date_gmt>2014-10-17 02:27:33</wp:post_date_gmt>
		<wp:comment_status>open</wp:comment_status>
		<wp:ping_status>open</wp:ping_status>
		<wp:post_name>property-slider-2</wp:post_name>
		<wp:status>inherit</wp:status>
		<wp:post_parent>0</wp:post_parent>
		<wp:menu_order>0</wp:menu_order>
		<wp:post_type>attachment</wp:post_type>
		<wp:post_password></wp:post_password>
		<wp:is_sticky>0</wp:is_sticky>
		<wp:attachment_url>http://wp.nootheme.com/citilights/dummy/wp-content/uploads/2014/10/property-slider-2.jpg</wp:attachment_url>
		<wp:postmeta>
			<wp:meta_key>_wp_attached_file</wp:meta_key>
			<wp:meta_value><![CDATA[2014/10/property-slider-2.jpg]]></wp:meta_value>
		</wp:postmeta>
		<wp:postmeta>
			<wp:meta_key>_wp_attachment_metadata</wp:meta_key>
			<wp:meta_value><![CDATA[a:5:{s:5:"width";i:2362;s:6:"height";i:1365;s:4:"file";s:29:"2014/10/property-slider-2.jpg";s:5:"sizes";a:8:{s:9:"thumbnail";a:4:{s:4:"file";s:29:"property-slider-2-370x300.jpg";s:5:"width";i:370;s:6:"height";i:300;s:9:"mime-type";s:10:"image/jpeg";}s:6:"medium";a:4:{s:4:"file";s:29:"property-slider-2-778x450.jpg";s:5:"width";i:778;s:6:"height";i:450;s:9:"mime-type";s:10:"image/jpeg";}s:5:"large";a:4:{s:4:"file";s:29:"property-slider-2-865x500.jpg";s:5:"width";i:865;s:6:"height";i:500;s:9:"mime-type";s:10:"image/jpeg";}s:14:"property-thumb";a:4:{s:4:"file";s:29:"property-slider-2-370x300.jpg";s:5:"width";i:370;s:6:"height";i:300;s:9:"mime-type";s:10:"image/jpeg";}s:14:"property-image";a:4:{s:4:"file";s:29:"property-slider-2-800x450.jpg";s:5:"width";i:800;s:6:"height";i:450;s:9:"mime-type";s:10:"image/jpeg";}s:16:"property-infobox";a:4:{s:4:"file";s:29:"property-slider-2-190x160.jpg";s:5:"width";i:190;s:6:"height";i:160;s:9:"mime-type";s:10:"image/jpeg";}s:15:"property-slider";a:4:{s:4:"file";s:30:"property-slider-2-1170x700.jpg";s:5:"width";i:1170;s:6:"height";i:700;s:9:"mime-type";s:10:"image/jpeg";}s:11:"agent-thumb";a:4:{s:4:"file";s:29:"property-slider-2-171x233.jpg";s:5:"width";i:171;s:6:"height";i:233;s:9:"mime-type";s:10:"image/jpeg";}}s:10:"image_meta";a:11:{s:8:"aperture";i:0;s:6:"credit";s:0:"";s:6:"camera";s:0:"";s:7:"caption";s:0:"";s:17:"created_timestamp";i:0;s:9:"copyright";s:0:"";s:12:"focal_length";i:0;s:3:"iso";i:0;s:13:"shutter_speed";i:0;s:5:"title";s:0:"";s:11:"orientation";i:0;}}]]></wp:meta_value>
		</wp:postmeta>
	</item>
	<item>
				<title>property-slider-3</title>
		<link>http://wp.nootheme.com/citilights/dummy/?attachment_id=7202</link>
		<pubDate>Fri, 17 Oct 2014 02:27:37 +0000</pubDate>
		<dc:creator><![CDATA[admin]]></dc:creator>
		<guid isPermaLink="false">http://wp.nootheme.com/citilights/dummy/wp-content/uploads/2014/10/property-slider-3.jpg</guid>
		<description></description>
		<content:encoded><![CDATA[]]></content:encoded>
		<excerpt:encoded><![CDATA[]]></excerpt:encoded>
		<wp:post_id>7202</wp:post_id>
		<wp:post_date>2014-10-17 02:27:37</wp:post_date>
		<wp:post_date_gmt>2014-10-17 02:27:37</wp:post_date_gmt>
		<wp:comment_status>open</wp:comment_status>
		<wp:ping_status>open</wp:ping_status>
		<wp:post_name>property-slider-3</wp:post_name>
		<wp:status>inherit</wp:status>
		<wp:post_parent>0</wp:post_parent>
		<wp:menu_order>0</wp:menu_order>
		<wp:post_type>attachment</wp:post_type>
		<wp:post_password></wp:post_password>
		<wp:is_sticky>0</wp:is_sticky>
		<wp:attachment_url>http://wp.nootheme.com/citilights/dummy/wp-content/uploads/2014/10/property-slider-3.jpg</wp:attachment_url>
		<wp:postmeta>
			<wp:meta_key>_wp_attached_file</wp:meta_key>
			<wp:meta_value><![CDATA[2014/10/property-slider-3.jpg]]></wp:meta_value>
		</wp:postmeta>
		<wp:postmeta>
			<wp:meta_key>_wp_attachment_metadata</wp:meta_key>
			<wp:meta_value><![CDATA[a:5:{s:5:"width";i:2560;s:6:"height";i:1600;s:4:"file";s:29:"2014/10/property-slider-3.jpg";s:5:"sizes";a:8:{s:9:"thumbnail";a:4:{s:4:"file";s:29:"property-slider-3-370x300.jpg";s:5:"width";i:370;s:6:"height";i:300;s:9:"mime-type";s:10:"image/jpeg";}s:6:"medium";a:4:{s:4:"file";s:29:"property-slider-3-720x450.jpg";s:5:"width";i:720;s:6:"height";i:450;s:9:"mime-type";s:10:"image/jpeg";}s:5:"large";a:4:{s:4:"file";s:29:"property-slider-3-800x500.jpg";s:5:"width";i:800;s:6:"height";i:500;s:9:"mime-type";s:10:"image/jpeg";}s:14:"property-thumb";a:4:{s:4:"file";s:29:"property-slider-3-370x300.jpg";s:5:"width";i:370;s:6:"height";i:300;s:9:"mime-type";s:10:"image/jpeg";}s:14:"property-image";a:4:{s:4:"file";s:29:"property-slider-3-800x450.jpg";s:5:"width";i:800;s:6:"height";i:450;s:9:"mime-type";s:10:"image/jpeg";}s:16:"property-infobox";a:4:{s:4:"file";s:29:"property-slider-3-190x160.jpg";s:5:"width";i:190;s:6:"height";i:160;s:9:"mime-type";s:10:"image/jpeg";}s:15:"property-slider";a:4:{s:4:"file";s:30:"property-slider-3-1170x700.jpg";s:5:"width";i:1170;s:6:"height";i:700;s:9:"mime-type";s:10:"image/jpeg";}s:11:"agent-thumb";a:4:{s:4:"file";s:29:"property-slider-3-171x233.jpg";s:5:"width";i:171;s:6:"height";i:233;s:9:"mime-type";s:10:"image/jpeg";}}s:10:"image_meta";a:11:{s:8:"aperture";i:0;s:6:"credit";s:0:"";s:6:"camera";s:0:"";s:7:"caption";s:0:"";s:17:"created_timestamp";i:0;s:9:"copyright";s:0:"";s:12:"focal_length";i:0;s:3:"iso";i:0;s:13:"shutter_speed";i:0;s:5:"title";s:0:"";s:11:"orientation";i:0;}}]]></wp:meta_value>
		</wp:postmeta>
	</item>
	<item>
				<title>property-slider-4</title>
		<link>http://wp.nootheme.com/citilights/dummy/?attachment_id=7203</link>
		<pubDate>Fri, 17 Oct 2014 02:27:41 +0000</pubDate>
		<dc:creator><![CDATA[admin]]></dc:creator>
		<guid isPermaLink="false">http://wp.nootheme.com/citilights/dummy/wp-content/uploads/2014/10/property-slider-4.jpg</guid>
		<description></description>
		<content:encoded><![CDATA[]]></content:encoded>
		<excerpt:encoded><![CDATA[]]></excerpt:encoded>
		<wp:post_id>7203</wp:post_id>
		<wp:post_date>2014-10-17 02:27:41</wp:post_date>
		<wp:post_date_gmt>2014-10-17 02:27:41</wp:post_date_gmt>
		<wp:comment_status>open</wp:comment_status>
		<wp:ping_status>open</wp:ping_status>
		<wp:post_name>property-slider-4</wp:post_name>
		<wp:status>inherit</wp:status>
		<wp:post_parent>0</wp:post_parent>
		<wp:menu_order>0</wp:menu_order>
		<wp:post_type>attachment</wp:post_type>
		<wp:post_password></wp:post_password>
		<wp:is_sticky>0</wp:is_sticky>
		<wp:attachment_url>http://wp.nootheme.com/citilights/dummy/wp-content/uploads/2014/10/property-slider-4.jpg</wp:attachment_url>
		<wp:postmeta>
			<wp:meta_key>_wp_attached_file</wp:meta_key>
			<wp:meta_value><![CDATA[2014/10/property-slider-4.jpg]]></wp:meta_value>
		</wp:postmeta>
		<wp:postmeta>
			<wp:meta_key>_wp_attachment_metadata</wp:meta_key>
			<wp:meta_value><![CDATA[a:5:{s:5:"width";i:1200;s:6:"height";i:800;s:4:"file";s:29:"2014/10/property-slider-4.jpg";s:5:"sizes";a:8:{s:9:"thumbnail";a:4:{s:4:"file";s:29:"property-slider-4-370x300.jpg";s:5:"width";i:370;s:6:"height";i:300;s:9:"mime-type";s:10:"image/jpeg";}s:6:"medium";a:4:{s:4:"file";s:29:"property-slider-4-675x450.jpg";s:5:"width";i:675;s:6:"height";i:450;s:9:"mime-type";s:10:"image/jpeg";}s:5:"large";a:4:{s:4:"file";s:29:"property-slider-4-750x500.jpg";s:5:"width";i:750;s:6:"height";i:500;s:9:"mime-type";s:10:"image/jpeg";}s:14:"property-thumb";a:4:{s:4:"file";s:29:"property-slider-4-370x300.jpg";s:5:"width";i:370;s:6:"height";i:300;s:9:"mime-type";s:10:"image/jpeg";}s:14:"property-image";a:4:{s:4:"file";s:29:"property-slider-4-800x450.jpg";s:5:"width";i:800;s:6:"height";i:450;s:9:"mime-type";s:10:"image/jpeg";}s:16:"property-infobox";a:4:{s:4:"file";s:29:"property-slider-4-190x160.jpg";s:5:"width";i:190;s:6:"height";i:160;s:9:"mime-type";s:10:"image/jpeg";}s:15:"property-slider";a:4:{s:4:"file";s:30:"property-slider-4-1170x700.jpg";s:5:"width";i:1170;s:6:"height";i:700;s:9:"mime-type";s:10:"image/jpeg";}s:11:"agent-thumb";a:4:{s:4:"file";s:29:"property-slider-4-171x233.jpg";s:5:"width";i:171;s:6:"height";i:233;s:9:"mime-type";s:10:"image/jpeg";}}s:10:"image_meta";a:11:{s:8:"aperture";i:0;s:6:"credit";s:0:"";s:6:"camera";s:0:"";s:7:"caption";s:0:"";s:17:"created_timestamp";i:0;s:9:"copyright";s:0:"";s:12:"focal_length";i:0;s:3:"iso";i:0;s:13:"shutter_speed";i:0;s:5:"title";s:0:"";s:11:"orientation";i:0;}}]]></wp:meta_value>
		</wp:postmeta>
	</item>
</channel>
</rss>
